{
	"hp": 10,
	"level": 1,
	"money": 10,
	"position_x": 832.865844726562,
	"position_y": 406.715545654297
}